DMOrigen,PMOOrigen,Usuario
DM11,PMO36,3OQGOZ.PG0
DM14,PMO39,I7G22KZ.K2KDGK6
DM14,PMO50,BC0G.T0OYGIK
DM14,PMO39,37DZOZ6K.U7Z67R
DM14,PMO39,ICOZ.QKZG00O8
DM14,PMO39,TOUG0O.Q7DZO0
DM11,PMO52,T0OC6GO.KDW7PKZ
DM14,PMO43,6OYG6.TG7Z6CO
DM14,PMO43,76XGZ.QKNKDHC7R
DM14,PMO43,Z700B.0GZOD72
DM14,PMO43,KUOD.NKBK2
DM06,PMO35,07KZ70.8ODDO
DM14,PMO43,TDG2WGOZ.D7Z6KZ
DM14,PMO43,76POD.0CHC7
DM14,PMO41,76XGZ.DKZTOZTGK
DM14,PMO43,76POD6K.TOU8K
DM08,PMO06,OZ6D72.DK6DGPC7R
DM08,PMO06,TOD0K2.TOUODPK
DM08,PMO06,0GQOD6K.DKZ6KZ
DM08,PMO06,GYKZZ7.TOQGOWGYO
DM08,PMO06,ICOZ.QODQK2O
DM08,PMO06,K2TOD.PODTGOD
DM14,PMO43,TOUG0K.QC2WOUOZW7
DM14,PMO43,6ODGK.N7DZOZ67R
DM11,PMO36,6G7PK.PO07OZK
DM14,PMO44,N7ZDB.N7DZOZ67R
DM14,PMO43,DOC0.DKB7DK
DM08,PMO06,TOUG0O.Q70WDOZ
DM08,PMO06,6OZG70.Q7DZOW7
DM08,PMO06,4OD7Z.YG00O0KQK2
DM08,PMO06,K2TOD.N7DZOZ67R
DM08,PMO06,76POD.PCRUOZ
DM08,PMO06,N7GZ7D.U70K
DM08,PMO06,0O6B.3CHC7Z
DM08,PMO06,UGPC70.UODWGZ7R
DM08,PMO06,OZ6D72.DOUGD7R
DM08,PMO06,TDG2WGOZ.8DO6O
DM08,PMO06,UOB70G.8OWGZK
DM08,PMO06,TGZ6B.PC7DD7DK
DM08,PMO06,TDG2WNGOZ.N7DZOZ67R
DM08,PMO06,704GZ.3KD7DK
DM08,PMO06,3OQGOZ.Y7PO
DM08,PMO06,IKDP7.2ODUG7ZWK
DM08,PMO06,IC0G7WN.UKDO
DM08,PMO06,07G6B.87ZO
DM08,PMO06,6CYOZ.UKWOYGWO
DM08,PMO06,ZGTK0O2.U7Z6KRO
DM14,PMO43,0GZO.UO0OY7D
DM14,PMO42,POGK.IKIKO
DM14,PMO43,IKZOWNOZ.DK6DGPC7R
DM14,PMO43,73D7Z.0K87R
DM14,PMO43,I72C2.OY7Z6OZK
DM14,PMO43,ICOZ.TG3C7ZW72
DM14,PMO43,07KZOD6K.DOZP70
DM14,PMO43,0720G7.DGYG00O2
DM14,PMO43,DKP7D.07PCGROUKZ
DM14,PMO43,IKZOWNOZ.PCWG7DD7R
DM14,PMO41,O07IOZ6DK.TO2O00O2
DM14,PMO41,6OZG70.TG8OUKTNO
DM14,PMO41,3OQGOZ.GRHCG7D6K
DM14,PMO39,2OZ6DO.OQ700K
DM14,PMO39,ICOZ.DKRK
DM02,PMO02,IKZOWNOZ.KDWGR
DM14,PMO41,IK27.0O6GZK
DM02,PMO02,K2TOD.OZP70
DM08,PMO19,6OYG6.OBO0O
DM08,PMO06,TDG2WGOZ.ROUKDO
DM08,PMO06,IKNZ.OPC670K
DM14,PMO43,IKZZOWNOZ.0O6GZK
DM01,PMO04,TNOD072.IGU7Z7R
DM01,PMO04,76XGZ.D72WD78K
DM01,PMO04,7DUG02KZ.OD7YO0K
DM01,PMO04,IGW7Z6DO.ZOBO4
DM01,PMO33,ICOZ.OZP70
DM01,PMO33,UOZC70.N7DZOZ67R
DM01,PMO04,DO2NUG4OZWO.UONCZWO
DM01,PMO04,DCWN.3OIOD6K
DM14,PMO39,OZ67D2KZ.DK6DGPC7R
DM14,PMO39,6G7PK.Q0OZTK
DM14,PMO39,TOD0K2.UODWGZ7R
DM14,PMO39,3DOZTG2TK.2OZWK2
DM14,PMO39,UG0WKZ.Y7PO
DM14,PMO39,8OK0O.DGY7DO
DM14,PMO39,0CG2.QODDGK2
DM14,PMO42,OZ6D72.B77
DM14,PMO42,T72OD.CUOZOD
DM14,PMO42,INKZ.UODWGZ7R
DM14,PMO42,IK27.Y7DO
DM09,PMO30,DGTNOD6.DKU7DK
DM14,PMO40,6OZG70.DCGR
DM14,PMO39,3OQGK.PC7DD7DK
DM11,PMO64,IOGDK.YG00O0KQK2
DM14,PMO39,OZO.87D7RT
DM14,PMO39,IOGDK.YGCTN7
DM14,PMO41,IC0GOZ.UODGZ6
DM14,PMO41,0GQOD6K.UKDO072
DM11,PMO36,6OZG70O.DOUGD7R
DM14,PMO48,3D76B.Y70O2HC7R
DM14,PMO48,NODK06.NCDWO6K
DM14,PMO42,G2G6DK.TKDW72
DM14,PMO43,4OWN7DGZ.PODTGO
DM14,PMO48,0OCDO.Q7ZOYG672D
DM14,PMO48,UGPC70.670PO6K
DM14,PMO48,KUOD.2O0T76K
DM14,PMO48,XG00GOU.Q7T7DDO
DM14,PMO48,BGUB.6GOR
DM14,PMO41,6OYG6.DK6DGPC7R
DM14,PMO39,IKZOWNOZ.OTK2WO
DM14,PMO39,IKZOWNOZ.ODDKBK
DM14,PMO39,IK27.0GRTOZK
DM14,PMO39,ICOZ.QKZG00OT
DM14,PMO39,N7ZDB.UKZDKB
DM14,PMO40,ICOZ.POYGDGO
DM01,PMO04,I7337D2KZ.WOUOBK
DM06,PMO17,6G7PK.UOZTK
DM06,PMO17,73DOGZ.72TKQOD
DM06,PMO17,7ZDGHC7.2KWK
DM06,PMO17,IGUUB.RO8OWO
DM06,PMO17,IKZOWNOZ.DOUGD7R0
DM06,PMO17,ICOZ.TO2WOZK
DM05,PMO11,DO3O70.PCRUOZ
DM05,PMO11,0G0GOZO.PCODGZ
DM05,PMO11,DGTOD6K.DOUGD7R
DM08,PMO19,ICOZ.DK6DGPC7RI
DM08,PMO19,OZ6D7O.PO07OZK
DM06,PMO18,2OCDOQN.2OTN67YO
DM07,PMO20,WGDWNOZ4ODO.WDG8OWNB
DM06,PMO35,OZ67D2KZ.UK0GZO
DM07,PMO20,4O0OGBODO2OZ.PCZO
IN01,INN02,OZO.D72WD78K
DM06,PMO16,T72OD.PGDO06K
DM08,PMO57,6OYG6.N7DZOZ67R
DM06,PMO16,7DG4O.0OUQB
DM06,PMO16,GDUO.YO007IK
DM06,PMO16,INKZ.07KZ
DM06,PMO16,IK27.Q76KBO
DM06,PMO16,IC0GOZ.TOZOY7DO0
DM06,PMO16,0GZO.QKW7DK
DM06,PMO16,UODGO.Y707R
DM06,PMO16,UG07ZO.CDOZ
IN01,INN02,XG0UOD.RC0COGTO
DM06,PMO18,O07AOZ67D.HCGZW7DK
DM06,PMO18,OB0GU.UK2HC7DO
DM06,PMO18,6GOZO.6CHC7
DM06,PMO18,7DG4O.TO2WOZ76O
DM06,PMO18,N7TWKD.ZG7WK
DM08,PMO19,IK27.D72WD78K
DM06,PMO18,ICOZ.2COD7R
DM06,PMO18,UOW7K.KDWGR
DM06,PMO18,2ODO.B7872
DM06,PMO51,O07IOZ6DK.ZCZ7R
DM06,PMO51,T0OC6GO.TOZK0O
DM06,PMO51,6G7PK.KDD7PK
DM06,PMO51,IOU72.TOD6KZO
DM06,PMO51,IC0GOZ.N7DZOZ67R
DM06,PMO51,0GZO.QKNKDHC7R
DM06,PMO51,K2TOD.ODTG0O
DM06,PMO51,2W7Y7Z.PGDO06K
DM06,PMO17,OZ6D72.TNO8ODDK
DM06,PMO17,N7ZDB.UK0GZO
DM06,PMO17,27DPGK.K0GYOD72
DM08,PMO19,6G7PK.QOCWG2WO
DM08,PMO19,G2OQ70.87ZOPK2
DM08,PMO19,IKDP7.IGU7Z7R
DM08,PMO19,ICOZ.PODTGOI
DM08,PMO19,ICOZ.HCGZW7DK
DM08,PMO19,2OZ6DO.87D7R
DM08,PMO19,2KTDOW72.8O0OTGK2
DM08,PMO19,BKNOZO.TO2WG00K
DM08,PMO19,BC0G7WN.K2KDGK
DM08,PMO19,OZ6D72.T7QO00K2
DM08,PMO19,6OZG70.UGDOZ6O
DM08,PMO19,IC0GOZO.PODTGO
DM08,PMO19,DGTOD6K.6GOR
DM08,PMO19,TDG2WGOZ.Y707R
DM08,PMO19,IC0GK.UKZWKBO
DM08,PMO19,UOW7K.TOZK
DM05,PMO11,O0YODK.HCGT7ZK
DM05,PMO11,YGTWKD.876DORO
DM07,PMO20,IKNOZ.2KTNO
DM07,PMO20,IKDP7.WD728O0OTGK2
DM07,PMO20,UODGK.87D7R
DM06,PMO35,O07AOZ6DO.ODGO2
DM06,PMO35,QDOZ6KZ.TO6OYG6
DM06,PMO35,2W78N7Z2.DKQ076K
DM08,PMO19,BOZG7D.U72WDO
DM08,PMO19,6OYG6.2G7DDO
DM08,PMO19,ODWCDK.TO2WG00K
DM08,PMO19,4700B.IGU7Z7R
DM08,PMO19,IKDUOZ.DGZTKZ
DM08,PMO19,IKBT7.UKZWKBO
DM08,PMO19,UO0KDB.UODWGZ7R
DM08,PMO19,ICOZ.K2KDGK
DM06,PMO18,O07IOZ6DK.KDKRTK
DM06,PMO18,UOGDO.8O0OTGK
DM06,PMO18,QDGOZ.TO067DKZ
DM06,PMO18,8OZ6G.DOI7Z6DOZ
DM06,PMO18,2DG4OZWN.4CDUO0O
DM06,PMO18,CQ7GUOD.O0YOD7R
DM06,PMO18,XG02KZ.DGY7DO
DM07,PMO20,OUQG4O.8KKIODB
DM07,PMO20,QNCYOZO.TN77UO0O
DM07,PMO20,TDG2WGOZ.UCZKR
DM07,PMO20,6OYG6.K2KDGK
DM07,PMO20,370G87.87ZOPK2
DM07,PMO20,4ODWNG47BOZ.UCWNC
DM07,PMO20,DOYG2NOZ4OD.UOWNG
DM07,PMO20,2DGYG6NBO.2DGZGYO2OZ
DM07,PMO20,YGT4B.ICZ7IO
DM06,PMO16,6G7PK.HCGZW7DKO
DM03,PMO15,07KZOD6K.TO6OYG6
DM05,PMO32,0CG2O.U7IGO
DM05,PMO11,76XOD6.8GZ76O
DM05,PMO11,WC0GK.YG00O
DM06,PMO16,ICOZ.UCZ7DO
DM06,PMO35,O07AOZ67D.YG00O
DM06,PMO35,6OZG70.OPC670K
DM06,PMO35,6OZG70.QODWK0KU7
DM06,PMO35,IKDP7.ODOZPK
DM06,PMO35,IOTKQK.UODC0OZ6O
DM06,PMO35,IKNZ.TODUKZO
DM06,PMO35,IKZOWNOZ.2O0OROD
DM06,PMO35,T72OD.TO2WOZK
DM06,PMO35,6OYG6.HCGDKR
DM06,PMO35,IK27.0K87R
DM06,PMO35,0CG2.UKZTO6O
DM06,PMO35,UOD0KZ.DK6DGPC7R
DM06,PMO35,0CTGOZK.PKU7R
DM06,PMO17,T72OD.6CDOZ
DM06,PMO17,BKNOZ.ICZTK
DM07,PMO20,27QO2WGOZ.UO06KZO6K
DM05,PMO11,TOD0K2.D72WD78K
DM05,PMO11,BOZZGT4.UCZKR
DM06,PMO35,6OYG6.PGDO06K
DM06,PMO35,37DZOZ6K.0KZ6KZK
DM06,PMO35,BOGD.PODTGO
DM08,PMO19,ICOZ.OW7NKDWCO
DM08,PMO19,0CG2.3OZ6GZK
DM06,PMO35,TODK0GZO.YODPO2
DM06,PMO35,DCQ7Z.TOD6KZO
DM11,PMO36,DCQ7Z.ZODOZIK
DM06,PMO16,OZ6D7O.IGU7Z7R
DM05,PMO31,T0OC6GO.U72O
DM05,PMO31,7UZO.N7ZOK
DM05,PMO31,3DOZTG2TK.PC7DDO
DM05,PMO31,IKNZ.DK6DGPC7R
DM06,PMO35,BCQ7D.6KUGZPC7R
DM06,PMO35,ICOZ.8GZ76OP
DM06,PMO35,QDOGOU.2KWK
DM05,PMO11,TOD0K2.0K87R
DM05,PMO11,704GZ.TO2WG00K
DM05,PMO11,IKNOZ.O0YOD7R
DM05,PMO11,0CR.PCWG7DD7R
DM06,PMO35,IOYG7D.8ODDO
DM05,PMO11,IKNZ.2CORO
DM05,PMO11,ICOZ.PODTGO
DM06,PMO35,BC0GOZO.UGDO
DM05,PMO11,IC0GOZ.HCGDKPO
DM06,PMO22,IKNZ.TO007
DM07,PMO20,0CTB.ODOCIK
DM06,PMO22,IKNZ.YODPO2
DM14,PMO43,TDG2WGOZ.6O00K2
DM14,PMO48,0CG2.DKIO2
DM06,PMO35,NCPK.0K87R
DM02,PMO02,IC0GOZ.2OZTN7R
DM05,PMO11,DGTNOD6.K28GZO
DM06,PMO16,76ZO.TOU8K2
DM06,PMO35,6OZG70.8OD7IO
DM06,PMO35,6ODGK.87D7R
DM06,PMO35,4OD7Z.DGK2
DM05,PMO11,ZOWO0GO.D72WD78K
DM06,PMO10,TNDG2WGOZ.QCGWDOPK
DM06,PMO10,6OZG70.IODOUG00K
DM06,PMO10,76G2KZ.DOUGD7R
DM06,PMO10,ICOZ.Q7WOZTCD
DM06,PMO10,4OU70.TO6OYG6
DM06,PMO10,07BZ7D.TKDW7R
DM06,PMO10,UOD0KZ.KDWGR
DM06,PMO10,UGPC70.PKZRO07R
DM06,PMO10,X7Z6B.DC76O
DM06,PMO10,B7G2KZ.8ODDO
DM06,PMO10,OZO.ODG2WGROQO0
DM06,PMO10,Q7OWDGR.30KD7R
DM06,PMO10,TDG2WGOZ.YG00O6O
DM06,PMO10,6OZG70.DOUGD7R
DM06,PMO10,POQDG70O.UCZ7DO
DM06,PMO10,DCQ7Z.QO7ZO
DM06,PMO10,2OZWGOPK.PGDO06K
DM06,PMO10,QGQGOZO.UKZWKBO
DM06,PMO10,TDG2WGOZ.O0YOD7R
DM06,PMO10,0C6XGZ.6CDOZPK
DM06,PMO10,DCQ7Z.PODT72
DM06,PMO10,2OZWGOPK.PDOIO072
DM06,PMO10,O07AOZ67D.8OD6K
DM06,PMO10,TOUG0O.2OZWK2
DM06,PMO10,6GOZO.0K87RU
DM06,PMO10,NCUQ7DWK.K2KDGK
DM06,PMO10,07G6B.WOROUO
DM06,PMO10,K2TOD.0KZ6KZK
DM06,PMO10,XG02KZ.UKZTO6O
DM06,PMO10,7DG4O.Q7ZGW7R
DM06,PMO35,2OZ6DO.00OZK2
DM06,PMO22,TOD0K2.IGU7Z7R
DM06,PMO22,4OD7Z.WOY7DO
DM06,PMO51,0CG2.XG002
DM08,PMO19,76G2KZ.WKQKZ
DM06,PMO35,KD0OZ6K.728GZK2O
DM19,PMO65,6OZG70.DK6DGPC7R
DM06,PMO16,IKDP7.3DOZTK
DM05,PMO31,27QO2WGOZ.O0ODTKZ
DM05,PMO11,6OYG6.UODGZ
DM05,PMO11,3OC2WK.K28GZO
DM06,PMO17,OZ6D72.WOY7DO
DM18,PMO12,6GOZO.HCGZW7DK
DM18,PMO12,K2TOD.NG6O0PK
DM18,PMO12,IKZOWOZ.TOD67ZO26
DM18,PMO12,XG00GOU.QCGWDOPK
DM18,PMO12,XO0W7D.DOUK2
DM18,PMO12,6G7PK.TO2WOZ76O
DM18,PMO12,K2TOD.DK6DGPC7R
DM18,PMO12,IK27.8O0KUGZK
DM18,PMO12,N7G6B.8GZWK
DM18,PMO12,IKNOZ.UKIGTO
DM14,PMO42,IOGDK.UKD7ZK
DM14,PMO42,I7ZZB.DKRK
DM14,PMO42,0720G7.728OZO
DM14,PMO42,0CG2.UODWGZ7R3
DM14,PMO42,ZOWNO0G7.IOGU72
DM14,PMO42,XG00GOU.2G7DDO
DM14,PMO42,B7GUB.2ODUG7ZWK
DM06,PMO22,PGKYOZZB.27DDOZK
DM08,PMO19,IOGU7.D72WD78K
DM08,PMO19,IC0GOZ.PO07OZK
DM06,PMO18,37DZOZ6K.DK6GZK
DM06,PMO18,GYOZ.WCDDGOPK
DM06,PMO18,0CG2.PODTGO3
DM06,PMO22,ICOZ.UK0GZO
DM06,PMO22,INKZ.27PCDO
DM06,PMO22,6G7PK.OTK2WO3
DM06,PMO22,IK27UOD.2G7DDO
DM06,PMO22,BC0B.8GZK
DM06,PMO22,27DPGK.UKDO072
DM09,PMO05,OZPG7.DK6DGPC7R
DM09,PMO05,OBC2N.PC8WO
DM09,PMO05,QDOBOZ.DOUK2
DM09,PMO05,POZ72N.6O2
DM09,PMO05,IOGU7.IGU7Z7R
DM09,PMO05,UOP6O.QODKZ
DM09,PMO05,UODG0BZ.DCGR
DM09,PMO05,QDOBOZ.2O0PO6K
DM09,PMO21,3OQGOZ.TOD6KZO
DM09,PMO05,0CG2.QODDOPOZ
DM09,PMO05,2CUGW.YO2NG2W
DM14,PMO41,TNDG2WGOZ.QODD7DO
DM14,PMO41,UODGK.YG00OZC7YO
DM14,PMO41,6OYG6.8C0G6K
DM14,PMO41,IKDP7.QODD7DO
DM14,PMO41,6G7PK.TDCR
DM14,PMO41,OZPG7.CQOHC7
DM14,PMO41,UOGTK0.TOZPD7IK
DM14,PMO40,UOW7K.TKW7DO
DM02,PMO02,Z7B.0K87R
DM14,PMO41,YOZ722O.ODGRO
DM09,PMO05,6OZG70.7DORK
DM09,PMO05,6OYG6.TO67ZO
DM01,PMO04,TODK0GZO.UODWGZ7R
DM01,PMO04,TDG2WGOZ.PCWG7DD7R
DM14,PMO41,2OZ6DK.TO2WG00K
DM14,PMO41,TDG2WGOZ.TNOYODDK
DM14,PMO41,NOGD.PKU7R
DM14,PMO41,K2TOD.DKU7DK
DM14,PMO41,IC0GOZ.YGOZTNO
DM02,PMO02,OZO.2KW70K
DM14,PMO41,OZ67D2KZ.PCWG7DD7R
DM14,PMO41,6OZG70.D7B72
DM02,PMO14,6G7PK.DGZTKZ
DM14,PMO41,3DOZTB.07KZ
DM09,PMO30,PKZRO0K.IGU7Z7R
DM02,PMO02,ICOZ.PC7DD7DKT
DM02,PMO02,ICOZ.D7B
DM14,PMO41,ICOZ.D7B72
DM14,PMO41,IC0GOZ.07KZ
DM14,PMO41,47YGZ.N7DZOZ67R
DM02,PMO02,KUOD.YODPO2
DM14,PMO41,8OC0O.DK6DGPC7RO
DM09,PMO07,2OZ6DO.DGTK
DM14,PMO41,OZ6D7O.OD7YO0K
DM02,PMO14,6CQOZ.OTNOPCO
DM02,PMO02,TGZ6B.2COD7R
DM14,PMO39,TOUG0K.3KZ27TO
DM14,PMO39,TOD0K2.W7007R
DM02,PMO02,B7RG6.PKU7R
DM14,PMO50,6GOZO.YODPO2
DM05,PMO32,B7ZZB.WGZKTK
DM01,PMO33,3D76B.UODGZ
DM01,PMO33,IOGDK.TOC2G0
DM12,PMO59,IK27.6GOR
DM12,PMO59,TOD0K2.TOD6KZO
DM12,PMO59,ICOZ.8G76DONGWO
DM12,PMO59,40OC2.WN707Z
DM12,PMO59,0CG2.DOUGD7R3
DM12,PMO59,OZ6D72.TO2O2
DM12,PMO59,TOD0K2.8O7R
DM12,PMO59,6OZG70O.DGZTKZD
DM01,PMO33,6ODGK.QCGWDOPK
DM12,PMO59,37DZ7B.PG0
DM12,PMO59,3DOZTB.PKZRO07R
DM12,PMO59,N7G6G.2OOY76DO
DM14,PMO43,ICOZ.DOUGD7R
DM12,PMO59,0CG2.QO0OPC7DO
DM12,PMO59,UODGN707ZO.OBO0O
DM12,PMO59,UGD7NB00G.CRTOW7PCG
DM12,PMO59,UKZGTO.UKD7ZK
DM12,PMO59,ZGTK0OB.8OYO
DM12,PMO59,K2TOD.07KZ
DM08,PMO06,TOD0K2.2O0O2
DM08,PMO06,TDG2WGOU.K2KDGK
DM08,PMO06,6OYG6.2OZTN7R7
DM08,PMO06,IKNOZO.PCRUOZ
DM08,PMO06,IKNOZZO.HC7Y76K
DM08,PMO58,IKNZ.TO2WOZ76O
DM08,PMO58,0OCDO.TCQG00K2
DM08,PMO06,UGPC70.2G0YO
DM08,PMO06,ZGTK0OB.WOZPODG37
DM08,PMO06,DKQGZ2KZ.UKZI7
DM08,PMO06,B7G2KZ.KBK0O
DM08,PMO06,767D.TODQKZ7DK
DM12,PMO59,3OQGOZ.3KZ27TO
DM12,PMO59,GYOZ.DK6DGPC7R
DM12,PMO59,GYKZZ7.DGK2
DM12,PMO59,INKOU.UKDO072
DM12,PMO59,ICOZ.UK2HC7DO
DM08,PMO06,0G0GOZO.8O0OTGK2
DM08,PMO06,OZ6D7O.2G0YO
DM10,PMO24,IOTHC70GZ7.OWODO
DM08,PMO58,IOYG7D.TNODDB
DM08,PMO06,I7B22KZ.QODQO
DM01,PMO33,IGUUB.HC7IO6O
DM11,PMO36,IKDP7.UODTG00K
DM14,PMO39,N7ZDB.PKU7R
DM14,PMO39,IKDP7.DOUGD7RQ
DM14,PMO42,O07AOZ67D.ZGYGOBK
DM08,PMO58,O6DGOZO.DGY7DO
DM08,PMO58,T0OC6GO.ZCZ7R
DM08,PMO58,GZPDG6.TKDW72
DM08,PMO58,IK27.8GZWK
DM08,PMO58,ICOZ.N7ZOK
DM08,PMO58,UOGDO.DOUGD7R
DM08,PMO58,UODGO.QKWNGO
DM08,PMO58,2OZWGOPK.TOQO007DK
DM08,PMO58,YGYGOZ.PCWG7DD7R
DM08,PMO58,XG00GOU.UK2HC7DO
DM08,PMO58,XG00GOU.ZG7WK
DM12,PMO59,76CGZ.WO8GO2
DM12,PMO38,76COD6.TKZWD7DO27
DM12,PMO38,O07AOZ67D.X7G2
DM12,PMO59,IOGU7.QKBOTO
DM12,PMO59,I7ZZB.728GZK2O
DM12,PMO59,0GZO.TOD67ZO2
DM12,PMO59,UGPC70.6C7ZO2
DM08,PMO58,OG2O.6GOR
DM08,PMO58,OZ6D7O.Q7DDKTO0
DM08,PMO58,OZ6D72.TOD6KRK
DM08,PMO58,OZP70O.QODD7DO
DM08,PMO58,Q0OZTO.TODOQO00K
DM08,PMO58,6OZG70.DK6DGPC7RO
DM08,PMO58,6GOZO.O0YOD7R
DM08,PMO58,6G7PK.6CTCODO
DM08,PMO58,6G7PK.8GDOROZ
DM08,PMO58,6G7PK.8DG7WK
DM08,PMO58,76XOD6.YODPO2
DM08,PMO58,7DG4O.728GZK2O
DM08,PMO58,3DOZ4P70.UOTNO6K
DM08,PMO58,PC2WOYK.PODGQ700K
DM08,PMO58,NODK06.PO0GZ6K
DM08,PMO58,GYKZ7.UK0OZK
DM08,PMO58,IOYG7D.QOHC7DK
DM08,PMO58,INKZ.YG00OUGROD
DM08,PMO58,ICOZ.O0YG26
DM08,PMO58,ICOZ.K2CZO
DM08,PMO58,ICOZ.876DORO
DM08,PMO58,IC0GOZ.80ORO2
DM08,PMO58,07B6B.HCGT7ZK
DM08,PMO58,UODGQ70.DGZTKZ
DM08,PMO58,UODWO.TOZGRO072
DM08,PMO58,UGPC70.TCQG00K2
DM08,PMO58,UKZGTO.8DG7WK
DM08,PMO58,8OC0O.6CODW7
DM08,PMO58,2OZ6DO.2OZTN7R
DM08,PMO58,27QO2WGOZ.TOUOTNK
DM08,PMO58,X7Z6B.DKIO2
DM08,PMO58,BN7G2KZ.U7Z6KRO
DM08,PMO58,OZPG7.87D7R
DM08,PMO58,OZPG7.YO0Y7D67
DM08,PMO58,OZZB.Y70OZ6GO
DM08,PMO58,TOUG0K.DCGR
DM08,PMO58,TOD0K2.0KOGRO
DM08,PMO58,TNDG2WGOZ.TO2WDK
DM08,PMO58,6OZG70.OTK2WO
DM08,PMO58,6GOZO.O8ODGTGK
DM08,PMO58,6GOZO.TGTCODGRO
DM08,PMO58,76XGZ.WKDD72
DM08,PMO58,73D7Z.DOUGD7R
DM08,PMO58,N7G6G.0GZOD72
DM08,PMO58,G2OGO2.2KOTNO
DM08,PMO58,GYOZ.DGKQC7ZK
DM08,PMO58,IOYG7D.2K0OZK
DM08,PMO58,I7ZZB.TNGTCO2CHC7
DM08,PMO58,IKNOZZO.UKD7ZK
DM08,PMO58,IKNZ.U7Z6KRO
DM08,PMO58,IKZOWNOZ.TO2WOZ76O
DM08,PMO58,IK27.TOQ7RO2
DM08,PMO58,ICOZ.UKDO
DM08,PMO58,4OWN7DGZ7.UODWGZ7R
DM08,PMO58,0OCDO.TO2WDK
DM08,PMO58,0OCDO.8O7R
DM08,PMO58,07KZOD6K.DKIO2
DM08,PMO58,0CG2.YOZ7PO2
DM08,PMO58,UODGO.DOGDOZ
DM08,PMO58,UODWNO.DK6DGPC7R
DM08,PMO58,UOBDO.728GZ70
DM08,PMO58,DCWN.WKDD72
DM08,PMO58,2OZ6DO.QO0OPC7DO
DM08,PMO58,2OZ6DO.WO2TKZ
DM08,PMO58,2GZ6B.OPCG0OD
DM08,PMO58,WOWGOZO.HCGZWOZO
DM08,PMO58,YGYGOZO.6GORO
DM08,PMO58,O0YODK.PCWG7DD7R
DM08,PMO58,6OYG6.ODGROQO07WO
DM08,PMO58,IKZOWNOZ.ODGRO
DM08,PMO58,ICOZ.3OIOD6K
DM08,PMO58,07G6B.8C0G6K
DM08,PMO58,0CG2.TNO8ODDK
DM08,PMO58,UODG70O.TKZWD7DO2
DM08,PMO58,BCDOZB.PKU7R
DM12,PMO59,O07IOZ6DO.DKIO2
DM12,PMO59,OZP70O.TO2WG00K
DM12,PMO59,QDOGOZ.TOQD7DO
DM12,PMO59,QDGPGWW7.WDCIG00K
DM12,PMO59,TOD0K2.CDGQ7
DM12,PMO59,766B.DK6DGPC7R
DM12,PMO59,7UG02KZ.8ODDO
DM12,PMO59,N7TWKD.8GZ76O
DM12,PMO59,ICOZ.2O0OUOZTO
DM12,PMO59,UGPC70.2COD7RO
DM12,PMO59,8OC0O.OTK2WO
DM12,PMO59,DOUGDK.YODPO2
DM12,PMO59,B72GTO.UKZW7Z7PDK
DM12,PMO59,I7G2KZ.8GDO
DM12,PMO59,876DK.UKZTO6O
DM12,PMO59,0GR.PKZRO07R
DM12,PMO59,UGTN70K.YOTO
DM12,PMO59,QDGPGWW7.UKZW7Z7PDK
DM08,PMO58,TGZ6B.YODG0O
DM08,PMO58,TDG2WGOZ.0K87R
DM08,PMO58,6KDO.UODTGO072
DM08,PMO58,7DG4O.GZ3OZW7
DM08,PMO58,IKNZ.OZP70
DM08,PMO58,IKDP7.0KROZK
DM12,PMO60,76POD.87ZODOZ6O
DM12,PMO60,IOGU7.0KUQOZO
DM12,PMO60,XO0WN7D.TO2WDK
DM12,PMO60,IKDP7.DGY7DO
DM12,PMO37,OZ67D22KZ.0K87R
DM12,PMO37,6G7PK.QODD7WK
DM12,PMO60,72Z7B67D.TO2WOZ76O
DM12,PMO60,IKZNB.IGU7Z7R
DM12,PMO60,ICOZ.TO06O2
DM12,PMO60,ICOZ.Y7PO
DM12,PMO60,47YGU.PDOZO6K2
DM12,PMO60,0CG2.72WDO6O
DM12,PMO60,UGPC70.2COD7R
DM12,PMO60,Z72WKD.8GZRKZ
DM12,PMO60,K2TOD.NCDWOWGR
DM12,PMO60,DOC0.ZKDG7PO
DM12,PMO60,2OZWGOPK.O0YOD7R
DM12,PMO38,OZ6D72.O03KZ2K
DM12,PMO38,TOD0K2.TO2W700OZK2
DM12,PMO38,INKOZO.PCRUOZ
DM12,PMO60,UGPC70.UKPK00KZ
DM12,PMO59,O0YODK.TKD6KQO
DM12,PMO59,6OYG6.87ZO
DM12,PMO59,6GZO.NCDWO6K
DM12,PMO59,IOGU7.WKQO
DM12,PMO59,IK27.0ORK
DM12,PMO59,07G6B.PKZRO07R
DM12,PMO59,0CG2.72TOUG00O
DM12,PMO59,ICOZ.PGDO06K
DM12,PMO59,4OWN7DGZ7.UODGZ
DM12,PMO59,N70Q7DW.UODDKHCGZ
DM12,PMO59,UGPC70.UOZDGHC7
DM12,PMO59,8OK0O.OY700O
DM12,PMO59,8OC0O.8ODDO
DM12,PMO59,YGTWKD.OUO6K
DM12,PMO59,XG00GOU.TCQG00K2
DM12,PMO59,OZP70O.2OOY76DO
DM12,PMO59,TOUG0K.CDD7PK
DM12,PMO59,T72OD.TKDW72
DM12,PMO59,TDG2WGOZ.QO007Z
DM12,PMO59,6G7PK.Y707R
DM12,PMO59,37DZOZ6K.UKZWOZK
DM12,PMO59,3DOZTG2TK.YO2HC7R
DM12,PMO59,PD7B.8OR
DM12,PMO59,INKOZ.TOU8K2
DM12,PMO59,IK27.72W7Y7R
DM12,PMO59,0G0GOZO.87D7R
DM12,PMO59,K2TOD.8KY76O
DM12,PMO59,K2TOD.DGY7DK2
DM12,PMO59,TOD0K2.PKZRO07RN
DM12,PMO59,I7ZZB.UKDO
DM12,PMO59,8OK0O.DC22G
DM12,PMO59,8OC0O.OPCG0OD
DM12,PMO59,DGWO.30KD7R
DM12,PMO59,UOD0KZ.ZC2W72
DM12,PMO59,IKNIOZ.QODQK2O
DM12,PMO59,XG00GOU.U76GZO
DM14,PMO34,TOD0K2.27Y7DGTN7
DM12,PMO59,6OZG70.876DORO
DM14,PMO34,6OY7GYO.QODD7DO
DM12,PMO59,6G7PK.2G0YOT
DM14,PMO34,I7337D2KZ.DKZTOZTGK
DM01,PMO04,INKGZZ70.0G2TOZK
DM14,PMO34,INKZ.WKDD72
DM14,PMO34,IKDP7.PO00K
DM01,PMO04,ICOZ.YO07ZTGO
DM14,PMO34,07G6B.TO067DKZI
DM14,PMO34,0GZO.8GZRKZ
DM01,PMO04,UODGO.2OZTN7R
DM05,PMO11,70GOZO.OPCG0OD
DM02,PMO02,T0OC6GO.OZ6DO67
DM02,PMO02,CUO.2OZ4OD
DM02,PMO02,IBKWG.4CUODG
DM02,PMO02,IOGU7.TC7DYK
DM02,PMO02,IKZB.8O7R
DM02,PMO02,IK27.TCQG00K2
DM02,PMO02,07G6B.YODPO2
DM02,PMO02,6OYG6.DKIO2
DM02,PMO02,N7DZOZ.ONCUO6O
DM02,PMO02,B7Z7DG2.B787R
DM02,PMO02,6GOZO.TO2WOZ76O
DM02,PMO02,QDO7IOZ.ODGO2
DM02,PMO02,UODGKZ.3KZ27TO
DM02,PMO02,ZGTK0O2.OTK2WO
DM02,PMO02,OZ6D7O.KTNKO
DM02,PMO02,47YGZ.ZG7Y72
DM02,PMO02,ZKNKDO.2OZTN7R
DM02,PMO02,T72OD.0OWKDD7
DM14,PMO50,OZ6D72.PODTGO
DM14,PMO50,76XGZ.2OQKBO
DM11,PMO52,I7G22KZ.UKZDKB
DM11,PMO36,K2TOD.TOGT76K
DM14,PMO50,OZ6D72.N7DZOZ67R
DM14,PMO50,TOD0K2.TNOTKZ
DM14,PMO50,6OZG70.2O0OROD
DM14,PMO50,6G7PK.728GWGO
DM14,PMO50,6G7PK.YO07ZTGO
DM14,PMO50,3DOZ4.6GOR
DM14,PMO50,IOGDK.UKBO
DM14,PMO50,UOP6O.2OZTN7R
DM14,PMO50,27QO2WGOZ.O03KZ2K
DM14,PMO50,BKZOWNOZ.U72O
DM05,PMO32,Q7ZIOUGZ.OYG0O
DM14,PMO50,TOD0K2.DKUOZ
DM14,PMO42,IOGU7.27DZO
DM11,PMO36,6G7PK.TO2WGQ0OZTK
DM09,PMO05,IK27.PCRUOZ
DM09,PMO05,4DG2NZO.KINO
DM09,PMO05,TOD0K2.UKDO072
DM09,PMO05,P7D2KZ.PODTGO
DM09,PMO05,IKNOZZ.QDGZ7R
DM09,PMO30,TOD0K2.QOBW7D
DM14,PMO40,6OZG70.YOZ7PO2
DM09,PMO30,P7KYOZZG.7ZPOWGYO
DM09,PMO30,0OCDO.UKZWKBO
DM09,PMO30,DCQ7Z.DGZTKZ
DM14,PMO41,XG00GOU.6GOR
DM14,PMO41,TNODGWK.DK6DGPC7R
DM14,PMO41,6OYG6.TKZ2WOGZ
DM14,PMO39,T72OD.ODGO2
DM14,PMO39,6OGBCDG.6CDOZ
DM14,PMO39,IO70.DGY7DO
DM14,PMO39,8OC0K.2O06ODDGOPO
DM14,PMO39,B737D2KZ.DGZTKZ
DM14,PMO42,2OZ6DO.PODTGO0
DM14,PMO41,PGZ7WN.PKU7R
DM02,PMO02,I7G22KZ.OTK2WO
DM14,PMO41,I7G22KZ.UODWGZ7R
DM14,PMO41,UGPC70.OTNOPCO
DM09,PMO49,GYKZ.TO067DKZ
DM09,PMO49,DONC0.POCWOU
DM09,PMO49,Y7Z4OWO.TN7QDK0C
DM14,PMO42,BOZCYG.ROUQDOZK
DM14,PMO41,T72OD.CUOZO
DM14,PMO42,TOD0K2.DK6DGPC7R
DM14,PMO42,XG0U7D.87D7R
DM14,PMO42,BOGD.8DG7WK
DM14,PMO42,3767DGTK.U7IGO
DM14,PMO42,UGPC70.KTNKO
DM14,PMO42,INKZ.TO2WGQ0OZTK
DM14,PMO42,3G670.Q70WDOZ
DM14,PMO42,XG00GOU.K28GZK
DM14,PMO42,76POD.Y70O2TK
DM11,PMO36,IOGU7.PKU7R
DM14,PMO42,K2TOD.QC2WK2G
DM14,PMO42,2OUB.6ODXGTN
DM14,PMO42,K2TOD.WKDD72
DM14,PMO42,IOU72.W7007R
DM14,PMO41,P7DUOZ.TO2WDK
DM14,PMO41,IK27.YODPO20
DM14,PMO41,0CG2.TO067DKZ
DM14,PMO41,UOD0O.6GOR
DM09,PMO30,UODYGZ.K2KDGK
DM14,PMO48,IK27.UODWGZ7R
DM14,PMO43,OCDO.UKZDKB
DM14,PMO43,6OZCG0.PKU7R
DM14,PMO43,P7DUOZ.8GZG00O
DM14,PMO41,IKNZB.OTCZO
DM14,PMO41,KUOD.UK0GZO
DM02,PMO02,XO0W7D.PCWG7DD7R
DM14,PMO43,70GROQ7WN.TO2WDK
DM14,PMO43,UG007D.07KZ
DM14,PMO43,DGTOD6K.TKDW72
DM14,PMO42,IC0GK.CDGOZ
DM14,PMO42,OZO.2OZO
DM14,PMO42,IC0GK.D7GZO
DM14,PMO42,IKZOWNOZ.PC7DD7DK
DM14,PMO42,IOYG7D.T70G2
DM08,PMO53,TNDG2WGOZ.30KD7R
DM11,PMO36,76POD.PCOBOUQCTK
DM02,PMO02,OZP70.8C0G6K
DM02,PMO02,UODGK.TO2WGQ0OZTK
DM14,PMO43,IKNZOWNOZ.TOU70K
DM12,PMO59,0CGPCG.87ZO
DM12,PMO59,P7DOD6K.0K87R
DM12,PMO38,OZ6D72.U7Z6GPOZO
DM12,PMO38,T0OC6GO.PODRKZ
DM12,PMO38,T0OC6GO.DKRK
DM12,PMO38,TDG2WGOZ.ODGO2
DM12,PMO38,76XGZ.6OYG6
DM12,PMO38,3D76B.6GOR
DM12,PMO38,3D76B.ZGYGO
DM12,PMO38,GYOZ.U76DOZK
DM12,PMO38,I7G22KZ.Y70O2HC7R
DM12,PMO38,IKDP7.N7DZOZ67R
DM12,PMO38,IKDP7.HCGDKPO
DM12,PMO38,ICOZ.OT7Y76K
DM12,PMO38,ICOZ.QC2WK2
DM12,PMO38,0CG2.2KWK
DM12,PMO38,Z72WKD.8DG7WK
DM12,PMO38,2OZ6DO.OUOBO
DM12,PMO38,B7ZG37D.QODONKZO
DM12,PMO59,0CR.QODQK2O
OP02,OPA02,TOUG0K.TNOY72
OP02,OPA02,TDG2WGOZ.T70G2
OP02,OPA02,I7ZZB.2OZTN7R
OP02,OPA02,IC0GOZ.DCGR
OP02,OPA02,47YGZ.PC7DD7DK
OP02,OPA02,B722GTO.2COD7R
OP02,OPA02,OZ6D7O.QODDGK2
GG01,GG01,OZ6D7O.Y707R
OP09,OPA09,6OZG70O.DGZTKZ
OP02,OPA02,IC0GOZ.DGRK
OP11,OPA11,0CG2O.OW7NKDWCO
OP03,OPA03,DKQGZ2KZ.K0GY7DK2
OP01,OPA01,PCO6O0C87.Q70WDOZ
OP14,OPA14,O07IOZ6DO.PODZGTO
OP14,OPA14,6OZG70.DK27DK
OP03,OPA03,IKNZ.DKU7DK
OP03,OPA03,ZKDUO.WKTO
OP03,OPA03,DCQB.PO0GZ6K
OP05,OPA05,O07IOZ6DO.DOY7
OP01,OPA01,OZPG7.8DO6O
OP01,OPA01,OZPG7.DOUGD7R
OP01,OPA01,6OZG70.TNOYODDK
OP01,OPA01,6OZG70O.6KUGZPC7R
OP01,OPA01,6GOZO.TO067DKZ
GC01,GCT01,6GOZO.07UC2
OP01,OPA01,P7DO06GZ7.C0TC7
OP01,OPA01,IGZZ7WN.TOUOTNK
OP01,OPA01,07G6B.DGZTKZ
OP01,OPA01,0CG2.UKD7ZK
OP01,OPA01,U70G22O.0K87DO
OP01,OPA01,UGDGOU.UOTGO2
OP01,OPA01,UKZGTO.TOD67ZO2
OP01,OPA01,UKZGTO.PKD6G00K
OP01,OPA01,8OK0O.Y70O2HC7R
OP01,OPA01,WOWGOZO.DK6DGPC7R
OP04,OPA04,OZ6D72.2OZTN7R
OP04,OPA04,IKNOZ.UO6DG6
OP04,OPA04,2OZWGOPK.ODD76KZ6K
OP04,OPA04,YO07ZWGZO.8OWGZK
OP04,OPA04,T72OD.07BWKZ
GG01,GG01,N7TWKD.2OZTN7R
OP04,OPA04,GYOZ.UKZWOZ7R
OP04,OPA04,ICOZ.UKD7ZK
OP04,OPA04,IC0GOZ.Y7DPODO
OP04,OPA04,8OK0O.Y70O
OP04,OPA04,XG00GOU.QODDGPO
OP05,OPA05,OZ6D72.U7DTO6K
OP05,OPA05,OZP70GTO.2ODUG7ZWK
OP05,OPA05,OZPG7.DCQGK
OP05,OPA05,7DG4O.TOGT76K
OP05,OPA05,NO6O.Y70K2O
OP05,OPA05,GZ6DO.CDHCGZO
OP05,OPA05,IGUB.TOD67ZO2
OP05,OPA05,IKNOZZO.OTCZO
OP05,OPA05,IKDP7.OY700OZ76O
OP05,OPA05,0OCDO.IODOUG00K
OP05,OPA05,0GT7WN.ZOYODDK
OP05,OPA05,0G0GOZO.YG007PO2
OP05,OPA05,UOZC70O.0KZ6KZK
OP05,OPA05,UODGO.UKRK
OP05,OPA05,UODGO.8G76DONGWO
OP05,OPA05,ROGDO.OPCGDD7
OP07,OPA07,O07IOZ6DK.8DG7WK
OP07,OPA07,OWC0.UO0NKWDO
OP07,OPA07,TOWN7DGZ7.UGDOZ6O
OP07,OPA07,PCG007DUK.UKZDKB
OP07,OPA07,GZPDGWN.TKDW72
OP07,OPA07,IOYG7D.IGU7Z7R
OP07,OPA07,0OCDO.PKU7R
OP07,OPA07,0OCDO.UKZ6DOPKZ
OP07,OPA07,UODGO.87ZOPK2
OP07,OPA07,UKZGTO.0K87R
OP07,OPA07,8OK0O.TNGWGYO
DM18,PMO12,DKNOZ.UO0G4
OP07,OPA07,2OZWGOPK.OD7ZO2
OP07,OPA07,B7GUB.DKIO2
OP07,OPA07,BCYGT7BG.ODQK076O
OP12,OPA12,O6DGOZO.PODTGO
OP12,OPA12,GZPDGWN.OZPODGWO
OP13,OPA13,TOUG0O.TCQG00K2
OP13,OPA13,ICOZ.Y70O2TK
OP13,OPA13,0CR.2COD7R
OP13,OPA13,ZOWNO0GO.ODG2WGROQO0
OP07,OPA07,POQDG70.O0ROW7
DM08,PMO57,T7TG0.TK0GZO
DM12,PMO59,N7TWKD.U7DO
DM12,PMO59,IKDP7.QODDOPOZ
DM14,PMO48,IKDP7.DKZTOZTGK
DM02,PMO14,ICOZ.TKD6KQO
DM02,PMO02,ICOZ.PCWG7DD7R
DM06,PMO35,07KZOD6K.T7DHC7DO
GC01,GCT01,UKZGTO.8OYO
DM09,PMO07,27QO2WGOZ.OUOBO
DM08,PMO57,XG02KZ.ODDKBOY7
DM06,PMO16,0OCDO.D72WD78K
DM16,PMO54,IC0GOZO.IOGU72
DM14,PMO43,27QO2WGOZ.Q7DZO0
DM12,PMO38,ZOWO0B.OPCO0GU8GO
OP06,OPA06,0CR.2G0YO
DM08,PMO57,O07IOZ6DK.TO0O6
DM06,PMO22,T72OD.Y707R
DM16,PMO45,TDG2WNGOZ.Q7DUC67R
DM09,PMO05,6G7PK.6GOR
DM14,PMO39,6G7PK.DKQOBK
DM08,PMO19,P7ZZB.PKU7R
DM06,PMO51,P7DUOZ.2CORO
OP08,OPA08,IOGU7.N7DZOZ67R
DM12,PMO59,IOZ.07GWKZ
DM06,PMO35,INKZOWNOZ.O0YOD7R
DM06,PMO35,0CG2.00OZK2
DM08,PMO57,0CG2.ROUKDO
DM08,PMO57,UODWGZ.DKU7DK
DM08,PMO06,UGPC70.TODK
DM14,PMO42,KUOD.ODPC700K
GC01,GCT01,DOC0.RODOW7
DM08,PMO57,YGYGOZO.TO067DKZ
DM08,PMO57,B7G2KZ.TODUKZO
DM02,PMO02,6G7PK.0K87R
DM02,PMO02,O2WDG6.YO07ZTGO
DM03,PMO15,6GOZO.6GOR
DM14,PMO50,6G7PK.DC76O
DM09,PMO05,76XGZ.TO867YG00O
DM14,PMO41,IKZOWNOZ.QKPKWO
DM03,PMO15,0GT7WN.3DOZTK
DM16,PMO45,0CG2.TO2WOZKO
DM16,PMO46,DGTOD6K.87ZOI
DM08,PMO19,UODWNO.DK6O2
DM18,PMO56,UOW7K.PGDO06K
DM18,PMO55,K0PO.PKU7R
OP06,OPA06,6GOZO.TOZK
DM08,PMO57,IKNZ.OD7ZO2
DM12,PMO38,2WN73OZB.DKIO2
DM08,PMO58,T72OD.8OD6K
DM08,PMO57,70GROQ7WN.UO06KZO6K
DM08,PMO57,TOD0K2.UKD7ZKI
OP06,OPA06,Y7DKZGTO.WKDD72
DM16,PMO45,I7337D2KZ.87D7GDO
DM17,PMO47,IKD27ZY7B.87D7R
DM08,PMO06,O07IOZ6DO.TODDOZRO
DM08,PMO57,UODWGZ.TDGK00K
DM12,PMO38,ZCDB.PCG0KUQK
DM18,PMO55,8OC0O.TO2WDG00KZ
DM08,PMO58,DK2OZZO.DGYO2
DM01,PMO04,XO0W7D.DCQGOZK
DM08,PMO57,I7ZZB.8KDW70O
DM18,PMO55,0CG2.KDIC70O
DM06,PMO22,TOD0K2.WKQKZ
DM06,PMO10,ICOZ.DCGR
DM06,PMO10,0CG2.870O7R
DM03,PMO15,OZP70O.YG007PO2
DM06,PMO18,2B0Y72W7D.87W7D
DM01,PMO33,76XGZ.QODTK
DM06,PMO35,IK27.O03KZ2K
DM12,PMO38,UOCDGTGK.DGOZK
DM14,PMO43,6OZG70O.RCZGPO
DM14,PMO39,UG0WKZ.TOD67ZO2
DM08,PMO19,6702O.U7Z67R
DM08,PMO58,UODWGZ.UKDO
GG01,GG01,OZ6D72.TOZK
GG01,GG01,4ODGZO.2G7DDO
GG01,GG01,YOZ722O.O0G2
GC01,GCT01,TOD0K2.UKD7ZK
GC01,GCT01,TOD0K2.2OZTN7R
GC01,GCT01,TODK0GZO.N7DD7DO
GC01,GCT01,6GOZO.DKO
GC01,GCT01,6G7PK.OPCGDD7
GC01,GCT01,6G7PK.DCQGOZK
GC01,GCT01,IONGD.DGY7DO
GC01,GCT01,0OCDO.8OWGZK
GC01,GCT01,0G0GOZ.DKIO2
GC01,GCT01,ZOWO0GO.PKZRO07R
GC01,GCT01,KTWOYGK.PKZRO07R
GC01,GCT01,ZOWO0GO.8O7R
GC01,GCT01,O07IOZ6DK.Q7IODOZK
OP06,OPA06,I7OZ.N7DZOZ67R
OP06,OPA06,ICOZ.IGU7Z7R
OP06,OPA06,IKNZ.6GOR
OP06,OPA06,ICOZ.O0YOD7R
DM06,PMO35,TOD0K2.TO6OYG6
DM06,PMO35,TODK0GZO.OPC670K
DM06,PMO35,TDG2WNGOZ.UODWGZ7R
DM06,PMO35,TDG2WGOZ.NGPCGWOT
DM06,PMO35,6G7PK.UODGZ
DM06,PMO35,7Y70BZ.8OWGZK
DM06,PMO35,ICOZ.KDWGR
DM06,PMO35,IC0G7WN.670K2DGK2
DM06,PMO35,8OQ0K.Y70G00O
DM14,PMO48,37DZOZ6O.Q7ZGW7R
DM01,PMO33,IOGU7.OTK2WO
DM08,PMO57,OZP70O.RC0COPO
DM08,PMO57,TOWO0GZO.U72O
DM08,PMO57,NCPK.O0YOD7R
DM08,PMO57,IKNZ.UKZWKBO
DM08,PMO57,ICOZ.KTNKO
DM08,PMO57,IC0G7W.670PO6K
DM08,PMO57,0OCDO.37DZOZ67R
DM08,PMO57,8OK0O.OPC670K
DM08,PMO57,OZ6D72.TO2W700OZK2
DM08,PMO57,OZP70O.N7DZOZ67R
DM08,PMO57,6OZG70.ZCZ7R
DM08,PMO57,70GROQ7WN.8O7R
DM08,PMO57,7ZDGHC7.UODWGZ7R
DM08,PMO57,IOGUB.TOGT76K
DM08,PMO57,07G6B.NGZTO8G7
DM08,PMO57,O07AOZ67D.DKB
DM08,PMO57,Q0O6GUGD.87D7R
DM08,PMO57,TODK0GZO.PCRUOZ
DM08,PMO57,TOWO0GZO.TO2WDG00KZ
DM08,PMO57,TDG2WGOZ.O0ROW7
DM08,PMO57,6OZG70.KDWGR
DM08,PMO57,67GQB2.KHC7Z6K
DM08,PMO57,6KDO0QO.DK6DGPC7R
DM08,PMO57,3DOZTG2TK.07KZ
DM08,PMO57,POQDG70.Q7WOZTCD
DM08,PMO57,I7337D2KZ.UODGZ
DM08,PMO57,IKNOZB.HCGZW7DK
DM08,PMO57,ICOZ.72TKQOD
DM08,PMO57,ICOZ.KD6KZ7R
DM08,PMO57,07G6B.PGDO06K
DM08,PMO57,UODGOZO.CDGQ7
DM08,PMO57,ZOWO0G.OZ6DO67
DM08,PMO57,2OZWGOPK.O0ROW7
DM08,PMO57,2OZWGOPK.YO2HC7R
DM08,PMO57,2ODOB.DOUGD7R
DM08,PMO57,B7G2KZ.OPCGDD7
DM08,PMO57,QDONGOZ.D72WD78K
DM08,PMO57,6GOZO.DCO
DM08,PMO57,6G6G7D.K2KDGK
DM08,PMO57,P7DUOZ.307TNO2
DM08,PMO57,IKNOZ.72TKQOD
DM08,PMO57,IKNOZ.87D7R
DM08,PMO57,IKDP7.DC22G
DM08,PMO57,ICOZ.YO07ZTGO6
DM08,PMO57,UOZC70.QKQO6G00O
DM08,PMO57,KUOGDO.TOD6KZO
DM08,PMO57,27QO2WGOZ.PODTGO
DM08,PMO57,2WGY7Z.UOZTK
DM08,PMO57,BOGD.PO007PK
DM08,PMO57,BGZZO.Q70WDOZ
DM08,PMO57,Q7DZOD6O.2K0KDRO
DM08,PMO57,6ODXGZ.IOGU72
DM08,PMO57,INKNOZ.O0ODTKZ
DM08,PMO57,UODG7Z.OUOBO
DM08,PMO57,UGTN70.NC7D3OZK
DM08,PMO57,76XGZ.OD7YO0K
DM08,PMO57,G0673KZ2K.WODORKZO
DM08,PMO57,IKDP7.Y7DPODO
DM08,PMO57,OZ6D7O.PCGK
DM08,PMO57,TOD0K2.TGWO
DM08,PMO57,TDG2WGOZ.DK6DGPC7R
DM08,PMO57,6G7PK.2G7DDO
DM08,PMO57,7UOZC70.POYGDGO
DM08,PMO57,GZPDG6.GQOZ7R
DM08,PMO57,IC0GOZ.ODOZPK
DM08,PMO57,IC0B.W700K
DM08,PMO57,0CG2.DK6DGPC7R
DM08,PMO57,UOCDGTGK.2C72TCZ
DM08,PMO57,2OZ6DO.ROUKDO
DM08,PMO57,2W7Y7Z.HCGZW7DK
DM08,PMO57,WOZBO.ZODOZIK
DM08,PMO57,WOWGOZO.6CDOZ
DM08,PMO57,BO2UGZ.TOUOTNK
DM08,PMO57,B7ZZB.8GZRKZ
DM08,PMO61,OZ6D72.TKDD7O
DM08,PMO57,OZ6D72.27DZO
DM08,PMO19,QDOB67Z.0K87DO
DM08,PMO57,TNDG2WK8N7D.YODPO2
DM08,PMO57,6OZG70.PKZRO07R
DM08,PMO57,6G7PK.PKU7R
DM08,PMO57,N7DZOZ.PG0
DM08,PMO57,INKZOWOZ.30KD7R
DM08,PMO57,IKZOWNOZ.UODGZ
DM08,PMO57,ICOZ.UODWGZ7RO
DM08,PMO57,47YGZ.PCWG7DD7R
DM08,PMO57,UODG2700O.D72WD78K
DM08,PMO57,UKZGTO.K28GZO
DM08,PMO57,27QO2WGOZ.8O0OTGK
DM08,PMO57,2OZ6DO.U76GZO
DM08,PMO57,BOD07B.TKDD7O
DM08,PMO57,INKZ.TOZK
DM08,PMO57,QO2G0GK.2O06ODDGOPO
DM08,PMO57,QDOBOZ.WKDD72
DM08,PMO57,6OYG6.UODWGZ7R
DM08,PMO57,INKOZ.UCZKR
DM08,PMO57,OZPG7.PODTGO
DM08,PMO57,BCDOZB.87D7R
DM08,PMO57,3DOZTG2TK.YO067DDOUO
DM08,PMO57,IC0GOZO.TOD6KZO
DM06,PMO51,OZ6D72.PC7DDO
DM06,PMO51,TOD0K2.PKU7RU
DM06,PMO10,TOD0K2.UKZ2O0Y7
DM06,PMO51,6OYG6.2OZ6KYO0
DM06,PMO51,ICOZ.OPCGDD7
DM06,PMO51,ICOZ.TKDD7O
DM06,PMO51,07G6B.TO6OYG6
DM06,PMO51,O0YODK.TCODWO2
DM06,PMO51,UODTK.IGU7Z7R
DM08,PMO61,6OYG6.N7ZOK2
DM08,PMO61,ICOZ.NKR
DM08,PMO61,2OZWGOPK.PGDO06K3
DM08,PMO61,2OZWGOPK.NK0PCGZ
DM08,PMO61,O0GTGO.OY7Z6OZK
DM06,PMO35,ICOZ.PODT726
DM08,PMO61,IC0GOZ.Y7DPODON
DM08,PMO61,ICOZ.TOU8K2
DM06,PMO35,O07IOZ6DK.PO007PK
DM06,PMO35,3767DGTK.QOB7D
DM06,PMO35,IC0GOZ.0K87R
DM06,PMO35,BOUG07.WKQKZ
DM18,PMO56,TDG2WGOZ.UKD7ZK
DM18,PMO55,0G0GOZO.TO2WOZK
DM18,PMO55,OZPPG7.TO2WGQ0OZTK
DM18,PMO55,IOGU7.0KZ6KZK
DM18,PMO55,IKOZ.PG0
DM18,PMO55,T0OC6GO.HCGZW7DK
DM18,PMO55,IC0GOZ.N7DD7DO
DM18,PMO12,OZ6D72.72TKQOD
DM18,PMO12,ODUOZ6K.O0KZ2K
DM18,PMO55,OZ6D72.WGZIOTO
DM18,PMO55,TOUG0O.PO0GZ6K
DM18,PMO55,TOD0K2.UKZTO6O
DM06,PMO35,T72OD.TO6OYG6
DM06,PMO18,PGKYOZZG.PKU7R
DM18,PMO12,I7ZZG37D.Q7DZO0
DM18,PMO55,ICOZ.DK6DGPC7R8
DM09,PMO05,IC0GOZ.YODPO2
DM18,PMO55,07G6B.8OD6K
DM18,PMO55,UODT70O.TO067DKZ
DM18,PMO55,UOB7D0B.30KD7R
DM18,PMO56,TDG2WGOU.DGK2
DM18,PMO56,IKNOZ.PKU7R
DM18,PMO56,ICOZ.DGY7DOT
DM18,PMO56,IC0GOZ.D72WD78K
DM18,PMO55,UOZC70.DK6DGPC7R
DM18,PMO56,BC0G7WN.PGDO06K
DM18,PMO56,QO0OIG.4DG2NZOZ
DM18,PMO56,3OQ7D.K28GZO
DM18,PMO12,IKNIOZ.K2KDGK
DM18,PMO56,ICOZ.NGPCGWO
DM18,PMO56,UODGO.DKZ6KZ
DM18,PMO55,UGPC70.U7IGO
DM09,PMO49,4OUO0.4G2NKD7
DM16,PMO54,O07AOZ67D.UO0YOT76O
DM09,PMO05,ODGIGW.2OZWDO
DM16,PMO54,UON72N.IOPO6772NO88O
DM16,PMO54,2OZPOU.8DO6NOZ
DM16,PMO45,ODTNGW.PK70
DM16,PMO45,7ZDGHC7.UKZ6DOPKZ
DM16,PMO45,IKDP7.8GTNOD6K
DM16,PMO45,K2XO06K.ODOCIK
DM16,PMO45,OZP70O.PODTGO
DM16,PMO45,Q7ZIOUGZ.DK6DGPC7R
DM16,PMO45,T72OD.8ODDO6K
DM16,PMO45,6G7PK.UO06KZO6K
DM16,PMO45,70GO2.PKU7R
DM16,PMO45,4NOW7DGZ.80ORO2
DM16,PMO45,WOZGO.UO0OPKZ
DM17,PMO47,OZ6D72.YO07ZTGO
DM17,PMO47,POQDG70.UCZKR
DM16,PMO46,IKDP7.Q76KBO
DM16,PMO46,TOD0K2.QODD7DO
DM16,PMO46,8DO2NO6.D766B
DM17,PMO47,TODK0GZO.DGYO2
DM17,PMO47,27QO2WGOZ.KDWGR
DM17,PMO47,ICOZ.0K87R
OP08,OPA08,OZ6D7O.UO0OTODO
OP08,OPA08,8OU70O.U7Z6GK0O
GG03,GG03,7ZDGHC7.UOZROZK
OP09,OPA09,6G7PK.OT7Y76K
OP11,OPA11,OZZ70G2O.PC7DDO
